block_size,branch_ms,no_branch_ms
32,0.957472,0.440960
64,1.088192,0.610496
128,1.611040,0.766176
256,2.449472,1.449120
512,4.936640,3.201472
