threads,branch_ms,no_branch_ms
512,0.046272,0.212832
1024,0.044256,0.199712
2048,0.043232,0.209120
4096,0.042240,0.202752
8192,0.039232,0.202752
16384,0.045056,0.208768
