threads,branch_ms,no_branch_ms
50176,0.269824,0.305088
100352,0.364864,0.445568
200192,0.620672,0.469856
400384,1.097888,0.749376
800256,2.191872,1.436672
1600000,4.328352,2.804000
