threads,branch_ms,no_branch_ms
50048,0.060416,0.212928
100032,0.090048,0.176544
200000,0.143360,0.139936
400000,0.245792,0.154976
800000,0.461504,0.258912
1600000,0.906208,0.456480
